{"enablePullDownRefresh":true,"usingComponents":{"my-shareimg":"/commpents/shareImg/shareImg","my-sharebtnimg":"/commpents/shareBtn/shareImg","my-sharebtnfriend":"/commpents/shareBtn/shareFriend","my-loginbox":"/commpents/loginTips/loginBox","my-passwordbox":"/commpents/passwordBox/passwordBox","my-copywarp":"/commpents/copyWarp/copyWarp","new-tip":"/commpents/newTip/newTip","my-linkbox":"/commpents/linkbox/linkbox","privacy-popup":"/commpents/privacyPopup/privacyPopup","banner-ad":"/commpents/ad/banner","winnumbers":"/commpents/detail/winNembers","topContent":"/commpents/detail/topContent","my-sharebtnIvimg":"/commpents/shareBtn/shareIvImg","dashang":"/commpents/dashang/dashang"}}