{"page":{"__plugin__/wx50b5593e81dd937a/pages/index/index.html":{"window":{"disableScroll":true,"usingComponents":{"route-select":"../../components/route-select/route-select","header":"../../components/header/header","driving-route":"../../components/driving-route/driving-route","transit-route":"../../components/transit-route/transit-route","walk-route":"../../components/walk-route/walk-route","route-detail":"../../components/route-detail/route-detail"},"navigationStyle":"custom"}},"__plugin__/wx50b5593e81dd937a/pages/index/index.html":{"window":{"disableScroll":true,"usingComponents":{"route-select":"../../components/route-select/route-select","header":"../../components/header/header","driving-route":"../../components/driving-route/driving-route","transit-route":"../../components/transit-route/transit-route","walk-route":"../../components/walk-route/walk-route","route-detail":"../../components/route-detail/route-detail"},"navigationStyle":"custom"}},"__plugin__/wx50b5593e81dd937a/pages/search/search.html":{"window":{"usingComponents":{"header":"../../components/header/header"},"navigationStyle":"custom"}},"__plugin__/wx50b5593e81dd937a/pages/transit-detail/detail.html":{"window":{"disableScroll":true,"usingComponents":{"transit-route":"../../components/transit-route/transit-route","header":"../../components/header/header"},"navigationStyle":"custom"}}},"pages":{"index":"__plugin__/wx50b5593e81dd937a/pages/index/index","route-plan":"__plugin__/wx50b5593e81dd937a/pages/index/index","search":"__plugin__/wx50b5593e81dd937a/pages/search/search","detail":"__plugin__/wx50b5593e81dd937a/pages/transit-detail/detail"}}